{
    "latest": "sq_v2.9.yml",
    "versions": {
      "v2.8": "sq_v2.8.yml",
      "v2.7": "sq_v2.7.yml",
      "v2.6": "sq_v2.6.yml",
      "v2.5": "sq_v2.5.yml",
      "v2.4": "sq_v2.4.yml",
      "v2.3": "sq_v2.3.yml",
      "v2.2": "sq_v2.2.yml",
      "v2.1": "sq_v2.1.yml",
      "v1.9": "sq_v1.9.yml",
      "v1.8": "sq_v1.8.yml",
      "v1.7": "sq_v1.7.yml",
      "v1.6": "sq_v1.6.yml",
      "v1.5": "sq_v1.5.yml",
      "v1.4": "sq_v1.4.yml",
      "v1.3": "sq_v1.3.yml",
      "v1.2": "sq_v1.2.yml",
      "v1.1": "sq_v1.1.yml",
      "v1.0": "sq_v1.0.yml"
    }
  }
  